title,rating,price,availability
Sony PS5 PlayStation Console,4.4 out of 5 stars,"54,300.",In stock
Sony PS5 Digital Standalone,4.7 out of 5 stars,"44,990.",In stock
Sony PS5 PlayStation Console+God Of War Ragnarok | Standard Edition | PS5 Game (PlayStation 5),4.4 out of 5 stars,"58,968.",In stock.
F1 23 | Standard Edition | PlayStation 5,4.5 out of 5 stars,"4,429.",In stock
Moto GP 23 | Standard Edition | PlayStation 5,Previous page,"3,349.",In stock
Sony PS5 CoD MWII,Previous page,"56,290.",In stock
Hogwarts Legacy | Standard Edition| PlayStation 5 (PS5),4.6 out of 5 stars,"3,999.",In stock
Sony God Of War Ragnarok | Standard Edition | PS5 Game (PlayStation 5),4.6 out of 5 stars,"3,999.",In stock
PowerWash Simulator | Standard Edition | PlayStation 5,Previous page,"1,599.",In stock
Call of Duty: Vanguard (PS5) - PlayStation 5,4.1 out of 5 stars,"3,855.",In stock
WALLTON - PS5 Skin Protective Wrap Cover Vinyl Sticker Decals for PlayStation 5 Disk Version Console and Two Dual Sense 5 Sticker Batman - (Black),2.4 out of 5 stars,899.,In stock
PS5 Grand Theft Auto V,4.4 out of 5 stars,"2,099.",In stock
Sony Horizon Forbidden West | Standard Edition | PS5 Game (PlayStation 5),4.7 out of 5 stars,"2,499.",In stock
PlayStation 5 DualSense Wireless Controller,4.7 out of 5 stars,"6,875.",Only 1 left in stock
PS5 Marvel's Avengers,4.2 out of 5 stars,"2,262.",In stock
TCOS TECH Mobile Phone Clip Mount Holder for PS5 Controller Mobile Phone Stand Mount Clamp Bracket with Adjustable Stand for Playstation 5 Wireless Controller,3.3 out of 5 stars,489.,Only 2 left in stock
ELTON PS5 Skin Protective Wrap Cover Vinyl Sticker Decals for PlayStation 5 Disk Version Console and Two Dual Sense 5 Sticker Skins Black PS5 Skin Console and Controller design226 [video game],3.1 out of 5 stars,799.,In stock
